sceUmdCacheUser,fun,03D67340,sceUmdCacheGetCacheParam,matching
sceUmdCacheUser,fun,86B3196A,sceUmdCacheGetCacheNum,matching
sceUmdCache_driver,fun,0A9E1368,sceUmdCache_driver_0A9E1368,
sceUmdCache_driver,fun,0DEEB393,sceUmdCache_driver_0DEEB393,
sceUmdCache_driver,fun,0E629562,sceUmdCache_driver_0E629562,
sceUmdCache_driver,fun,0EB8FFF4,sceUmdCache_driver_0EB8FFF4,
sceUmdCache_driver,fun,0EF8388F,sceUmdCache_driver_0EF8388F,
sceUmdCache_driver,fun,13316B7E,sceUmdCache_driver_13316B7E,
sceUmdCache_driver,fun,1FF73218,sceUmdCache_driver_1FF73218,
sceUmdCache_driver,fun,2A200660,sceUmdCache_driver_2A200660,
sceUmdCache_driver,fun,3AD8E403,sceUmdCache_driver_3AD8E403,
sceUmdCache_driver,fun,40632C0B,sceUmdCache_driver_40632C0B,
sceUmdCache_driver,fun,4731C1A4,sceUmdCache_driver_4731C1A4,
sceUmdCache_driver,fun,4C649052,sceUmdCache_driver_4C649052,
sceUmdCache_driver,fun,5E50AF3F,sceUmdCache_driver_5E50AF3F,
sceUmdCache_driver,fun,5EE62B60,sceUmdCache_driver_5EE62B60,
sceUmdCache_driver,fun,755CD150,sceUmdCache_driver_755CD150,
sceUmdCache_driver,fun,79D5BE47,sceUmdCache_driver_79D5BE47,
sceUmdCache_driver,fun,867AD031,sceUmdCache_driver_867AD031,
sceUmdCache_driver,fun,95E528B6,sceUmdCache_driver_95E528B6,
sceUmdCache_driver,fun,BAF33C55,sceUmdCache_driver_BAF33C55,
sceUmdCache_driver,fun,BBB3F604,sceUmdCache_driver_BBB3F604,
sceUmdCache_driver,fun,C024773B,sceUmdCache_driver_C024773B,
sceUmdCache_driver,fun,C7CAC7BD,sceUmdCache_driver_C7CAC7BD,
sceUmdCache_driver,fun,CF91F80F,sceUmdCache_driver_CF91F80F,
sceUmdCache_driver,fun,D53A5C0D,sceUmdCache_driver_D53A5C0D,
sceUmdCache_driver,fun,EFE01E08,sceUmdCache_driver_EFE01E08,
sceUmdCache_driver,fun,FD44548C,sceUmdCache_driver_FD44548C,
syslib,fun,D632ACDB,module_start,matching
syslib,var,F01D73A7,module_info,matching
syslib,var,11B97506,module_sdk_version,matching
